day,ideal_coverage_percent,productivity_90_percent,productivity_75_percent
0.000000,2.63627372773e-06,2.63627372773e-06,2.63627372773e-06
0.041667,2.69394898751e-06,2.69394898751e-06,2.69394898751e-06
0.083333,2.75288604176e-06,2.75288604176e-06,2.75288604176e-06
0.125000,2.81311249546e-06,2.81311249546e-06,2.81311249546e-06
0.166667,2.87465655755e-06,2.87465655755e-06,2.87465655755e-06
0.208333,2.93754705409e-06,2.93754705409e-06,2.93754705409e-06
0.250000,3.00181344179e-06,3.00181344179e-06,3.00181344179e-06
0.291667,3.06748582181e-06,3.06748582181e-06,3.06748582181e-06
0.333333,3.13459495384e-06,3.13459495384e-06,3.13459495384e-06
0.375000,3.20317227052e-06,3.20317227052e-06,3.20317227052e-06
0.416667,3.27324989216e-06,3.27324989216e-06,3.27324989216e-06
0.458333,3.34486064179e-06,3.34486064179e-06,3.34486064179e-06
0.500000,3.41803806052e-06,3.41803806052e-06,3.41803806052e-06
0.541667,3.49281642326e-06,3.49281642326e-06,3.49281642326e-06
0.583333,3.56923075477e-06,3.56923075477e-06,3.56923075477e-06
0.625000,3.64731684608e-06,3.64731684608e-06,3.64731684608e-06
0.666667,3.72711127122e-06,3.72711127122e-06,3.72711127122e-06
0.708333,3.80865140438e-06,3.80865140438e-06,3.80865140438e-06
0.750000,3.89197543741e-06,3.89197543741e-06,3.89197543741e-06
0.791667,3.97712239771e-06,3.97712239771e-06,3.97712239771e-06
0.833333,4.06413216649e-06,4.06413216649e-06,4.06413216649e-06
0.875000,4.15304549746e-06,4.15304549746e-06,4.15304549746e-06
0.916667,4.24390403595e-06,4.24390403595e-06,4.24390403595e-06
0.958333,4.33675033837e-06,4.33675033837e-06,4.33675033837e-06
1.000000,4.43162789215e-06,4.43162789215e-06,4.43162789215e-06
1.041667,4.52858113614e-06,4.52858113614e-06,4.52858113614e-06
1.083333,4.62765548139e-06,4.62765548139e-06,4.62765548139e-06
1.125000,4.72889733245e-06,4.72889733245e-06,4.72889733245e-06
1.166667,4.83235410906e-06,4.83235410906e-06,4.83235410906e-06
1.208333,4.93807426842e-06,4.93807426842e-06,4.93807426842e-06
1.250000,5.04610732784e-06,5.04610732784e-06,5.04610732784e-06
1.291667,5.15650388794e-06,5.15650388794e-06,5.15650388794e-06
1.333333,5.26931565638e-06,5.26931565638e-06,5.26931565638e-06
1.375000,5.38459547204e-06,5.38459547204e-06,5.38459547204e-06
1.416667,5.5023973298e-06,5.5023973298e-06,5.5023973298e-06
1.458333,5.6227764058e-06,5.6227764058e-06,5.6227764058e-06
1.500000,5.74578908332e-06,5.74578908332e-06,5.74578908332e-06
1.541667,5.87149297915e-06,5.87149297915e-06,5.87149297915e-06
1.583333,5.9999469706e-06,5.9999469706e-06,5.9999469706e-06
1.625000,6.13121122309e-06,6.13121122309e-06,6.13121122309e-06
1.666667,6.26534721829e-06,6.26534721829e-06,6.26534721829e-06
1.708333,6.40241778295e-06,6.40241778295e-06,6.40241778295e-06
1.750000,6.54248711831e-06,6.54248711831e-06,6.54248711831e-06
1.791667,6.68562083019e-06,6.68562083019e-06,6.68562083019e-06
1.833333,6.8318859597e-06,6.8318859597e-06,6.8318859597e-06
1.875000,6.98135101463e-06,6.98135101463e-06,6.98135101463e-06
1.916667,7.13408600159e-06,7.13408600159e-06,7.13408600159e-06
1.958333,7.29016245873e-06,7.29016245873e-06,7.29016245873e-06
2.000000,7.44965348929e-06,7.44965348929e-06,7.44965348929e-06
2.041667,7.61263379584e-06,7.61263379584e-06,7.61263379584e-06
2.083333,7.77917971526e-06,7.77917971526e-06,7.77917971526e-06
2.125000,7.94936925448e-06,7.94936925448e-06,7.94936925448e-06
2.166667,8.12328212705e-06,8.12328212705e-06,8.12328212705e-06
2.208333,8.30099979045e-06,8.30099979045e-06,8.30099979045e-06
2.250000,8.48260548426e-06,8.48260548426e-06,8.48260548426e-06
2.291667,8.66818426912e-06,8.66818426912e-06,8.66818426912e-06
2.333333,8.85782306661e-06,8.85782306661e-06,8.85782306661e-06
2.375000,9.05161069993e-06,9.05161069993e-06,9.05161069993e-06
2.416667,9.24963793553e-06,9.24963793553e-06,9.24963793553e-06
2.458333,9.4519975256e-06,9.4519975256e-06,9.4519975256e-06
2.500000,9.65878425151e-06,9.65878425151e-06,9.65878425151e-06
2.541667,9.87009496824e-06,9.87009496824e-06,9.87009496824e-06
2.583333,1.00860286497e-05,1.00860286497e-05,1.00860286497e-05
2.625000,1.03066864351e-05,1.03066864351e-05,1.03066864351e-05
2.666667,1.05321716765e-05,1.05321716765e-05,1.05321716765e-05
2.708333,1.07625899866e-05,1.07625899866e-05,1.07625899866e-05
2.750000,1.09980492893e-05,1.09980492893e-05,1.09980492893e-05
2.791667,1.1238659869e-05,1.1238659869e-05,1.1238659869e-05
2.833333,1.14845344232e-05,1.14845344232e-05,1.14845344232e-05
2.875000,1.17357881148e-05,1.17357881148e-05,1.17357881148e-05
2.916667,1.19925386264e-05,1.19925386264e-05,1.19925386264e-05
2.958333,1.2254906215e-05,1.2254906215e-05,1.2254906215e-05
3.000000,1.25230137685e-05,1.25230137685e-05,1.25230137685e-05
3.041667,1.27969868635e-05,1.27969868635e-05,1.27969868635e-05
3.083333,1.30769538237e-05,1.30769538237e-05,1.30769538237e-05
3.125000,1.33630457803e-05,1.33630457803e-05,1.33630457803e-05
3.166667,1.36553967334e-05,1.36553967334e-05,1.36553967334e-05
3.208333,1.39541436146e-05,1.39541436146e-05,1.39541436146e-05
3.250000,1.42594263512e-05,1.42594263512e-05,1.42594263512e-05
3.291667,1.45713879319e-05,1.45713879319e-05,1.45713879319e-05
3.333333,1.48901744735e-05,1.48901744735e-05,1.48901744735e-05
3.375000,1.52159352896e-05,1.52159352896e-05,1.52159352896e-05
3.416667,1.55488229603e-05,1.55488229603e-05,1.55488229603e-05
3.458333,1.5888993404e-05,1.5888993404e-05,1.5888993404e-05
3.500000,1.62366059499e-05,1.62366059499e-05,1.62366059499e-05
3.541667,1.65918234132e-05,1.65918234132e-05,1.65918234132e-05
3.583333,1.6954812171e-05,1.6954812171e-05,1.6954812171e-05
3.625000,1.73257422404e-05,1.73257422404e-05,1.73257422404e-05
3.666667,1.77047873578e-05,1.77047873578e-05,1.77047873578e-05
3.708333,1.80921250608e-05,1.80921250608e-05,1.80921250608e-05
3.750000,1.84879367711e-05,1.84879367711e-05,1.84879367711e-05
3.791667,1.88924078793e-05,1.88924078793e-05,1.88924078793e-05
3.833333,1.9305727832e-05,1.9305727832e-05,1.9305727832e-05
3.875000,1.97280902203e-05,1.97280902203e-05,1.97280902203e-05
3.916667,2.01596928709e-05,2.01596928709e-05,2.01596928709e-05
3.958333,2.06007379381e-05,2.06007379381e-05,2.06007379381e-05
4.000000,2.10514319992e-05,2.10514319992e-05,2.10514319992e-05
4.041667,2.15119861505e-05,2.15119861505e-05,2.15119861505e-05
4.083333,2.1982616107e-05,2.1982616107e-05,2.1982616107e-05
4.125000,2.24635423027e-05,2.24635423027e-05,2.24635423027e-05
4.166667,2.29549899943e-05,2.29549899943e-05,2.29549899943e-05
4.208333,2.34571893666e-05,2.34571893666e-05,2.34571893666e-05
4.250000,2.39703756402e-05,2.39703756402e-05,2.39703756402e-05
4.291667,2.44947891818e-05,2.44947891818e-05,2.44947891818e-05
4.333333,2.50306756167e-05,2.50306756167e-05,2.50306756167e-05
4.375000,2.5578285944e-05,2.5578285944e-05,2.5578285944e-05
4.416667,2.61378766538e-05,2.61378766538e-05,2.61378766538e-05
4.458333,2.67097098479e-05,2.67097098479e-05,2.67097098479e-05
4.500000,2.7294053362e-05,2.7294053362e-05,2.7294053362e-05
4.541667,2.78911808916e-05,2.78911808916e-05,2.78911808916e-05
4.583333,2.85013721197e-05,2.85013721197e-05,2.85013721197e-05
4.625000,2.91249128484e-05,2.91249128484e-05,2.91249128484e-05
4.666667,2.97620951322e-05,2.97620951322e-05,2.97620951322e-05
4.708333,3.04132174153e-05,3.04132174153e-05,3.04132174153e-05
4.750000,3.1078584671e-05,3.1078584671e-05,3.1078584671e-05
4.791667,3.17585085445e-05,3.17585085445e-05,3.17585085445e-05
4.833333,3.24533074993e-05,3.24533074993e-05,3.24533074993e-05
4.875000,3.31633069661e-05,3.31633069661e-05,3.31633069661e-05
4.916667,3.3888839495e-05,3.3888839495e-05,3.3888839495e-05
4.958333,3.46302449117e-05,3.46302449117e-05,3.46302449117e-05
5.000000,3.53878704764e-05,3.53878704764e-05,3.53878704764e-05
5.041667,3.61620710465e-05,3.61620710465e-05,3.61620710465e-05
5.083333,3.69532092428e-05,3.69532092428e-05,3.69532092428e-05
5.125000,3.77616556194e-05,3.77616556194e-05,3.77616556194e-05
5.166667,3.85877888372e-05,3.85877888372e-05,3.85877888372e-05
5.208333,3.94319958413e-05,3.94319958413e-05,3.94319958413e-05
5.250000,4.02946720422e-05,4.02946720422e-05,4.02946720422e-05
5.291667,4.11762215011e-05,4.11762215011e-05,4.11762215011e-05
5.333333,4.20770571188e-05,4.20770571188e-05,4.20770571188e-05
5.375000,4.29976008297e-05,4.29976008297e-05,4.29976008297e-05
5.416667,4.39382837989e-05,4.39382837989e-05,4.39382837989e-05
5.458333,4.48995466245e-05,4.48995466245e-05,4.48995466245e-05
5.500000,4.58818395437e-05,4.58818395437e-05,4.58818395437e-05
5.541667,4.68856226438e-05,4.68856226438e-05,4.68856226438e-05
5.583333,4.79113660777e-05,4.79113660777e-05,4.79113660777e-05
5.625000,4.89595502841e-05,4.89595502841e-05,4.89595502841e-05
5.666667,5.00306662125e-05,5.00306662125e-05,5.00306662125e-05
5.708333,5.11252155534e-05,5.11252155534e-05,5.11252155534e-05
5.750000,5.22437109727e-05,5.22437109727e-05,5.22437109727e-05
5.791667,5.33866763525e-05,5.33866763525e-05,5.33866763525e-05
5.833333,5.4554647036e-05,5.4554647036e-05,5.4554647036e-05
5.875000,5.57481700785e-05,5.57481700785e-05,5.57481700785e-05
5.916667,5.69678045034e-05,5.69678045034e-05,5.69678045034e-05
5.958333,5.82141215643e-05,5.82141215643e-05,5.82141215643e-05
6.000000,5.94877050124e-05,5.94877050124e-05,5.94877050124e-05
6.041667,6.078915137e-05,6.078915137e-05,6.078915137e-05
6.083333,6.21190702097e-05,6.21190702097e-05,6.21190702097e-05
6.125000,6.34780844404e-05,6.34780844404e-05,6.34780844404e-05
6.166667,6.48668305984e-05,6.48668305984e-05,6.48668305984e-05
6.208333,6.62859591459e-05,6.62859591459e-05,6.62859591459e-05
6.250000,6.77361347758e-05,6.77361347758e-05,6.77361347758e-05
6.291667,6.92180367229e-05,6.92180367229e-05,6.92180367229e-05
6.333333,7.07323590816e-05,7.07323590816e-05,7.07323590816e-05
6.375000,7.2279811132e-05,7.2279811132e-05,7.2279811132e-05
6.416667,7.38611176709e-05,7.38611176709e-05,7.38611176709e-05
6.458333,7.54770193525e-05,7.54770193525e-05,7.54770193525e-05
6.500000,7.71282730342e-05,7.71282730342e-05,7.71282730342e-05
6.541667,7.88156521319e-05,7.88156521319e-05,7.88156521319e-05
6.583333,8.05399469818e-05,8.05399469818e-05,8.05399469818e-05
6.625000,8.2301965211e-05,8.2301965211e-05,8.2301965211e-05
6.666667,8.41025321151e-05,8.41025321151e-05,8.41025321151e-05
6.708333,8.59424910454e-05,8.59424910454e-05,8.59424910454e-05
6.750000,8.78227038039e-05,8.78227038039e-05,8.78227038039e-05
6.791667,8.97440510462e-05,8.97440510462e-05,8.97440510462e-05
6.833333,9.1707432695e-05,9.1707432695e-05,9.1707432695e-05
6.875000,9.37137683608e-05,9.37137683608e-05,9.37137683608e-05
6.916667,9.57639977732e-05,9.57639977732e-05,9.57639977732e-05
6.958333,9.78590812205e-05,9.78590812205e-05,9.78590812205e-05
7.000000,0.0001,0.0001,0.0001
7.041667,0.000101380021958,0.000101380021958,0.000101380021958
7.083333,0.000102779088522,0.000102779088522,0.000102779088522
7.125000,0.000104197462512,0.000104197462512,0.000104197462512
7.166667,0.000105635410375,0.000105635410375,0.000105635410375
7.208333,0.000107093202234,0.000107093202234,0.000107093202234
7.250000,0.00010857111194,0.00010857111194,0.00010857111194
7.291667,0.000110069417125,0.000110069417125,0.000110069417125
7.333333,0.000111588399251,0.000111588399251,0.000111588399251
7.375000,0.000113128343663,0.000113128343663,0.000113128343663
7.416667,0.000114689539647,0.000114689539647,0.000114689539647
7.458333,0.000116272280478,0.000116272280478,0.000116272280478
7.500000,0.000117876863479,0.000117876863479,0.000117876863479
7.541667,0.000119503590079,0.000119503590079,0.000119503590079
7.583333,0.000121152765863,0.000121152765863,0.000121152765863
7.625000,0.000122824700635,0.000122824700635,0.000122824700635
7.666667,0.000124519708474,0.000124519708474,0.000124519708474
7.708333,0.000126238107793,0.000126238107793,0.000126238107793
7.750000,0.0001279802214,0.0001279802214,0.0001279802214
7.791667,0.000129746376557,0.000129746376557,0.000129746376557
7.833333,0.000131536905044,0.000131536905044,0.000131536905044
7.875000,0.000133352143216,0.000133352143216,0.000133352143216
7.916667,0.000135192432074,0.000135192432074,0.000135192432074
7.958333,0.000137058117323,0.000137058117323,0.000137058117323
8.000000,0.000138949549437,0.000138949549437,0.000138949549437
8.041667,0.00014086708373,0.00014086708373,0.00014086708373
8.083333,0.000142811080418,0.000142811080418,0.000142811080418
8.125000,0.000144781904686,0.000144781904686,0.000144781904686
8.166667,0.000146779926762,0.000146779926762,0.000146779926762
8.208333,0.000148805521982,0.000148805521982,0.000148805521982
8.250000,0.00015085907086,0.00015085907086,0.00015085907086
8.291667,0.000152940959164,0.000152940959164,0.000152940959164
8.333333,0.000155051577983,0.000155051577983,0.000155051577983
8.375000,0.000157191323806,0.000157191323806,0.000157191323806
8.416667,0.000159360598591,0.000159360598591,0.000159360598591
8.458333,0.000161559809844,0.000161559809844,0.000161559809844
8.500000,0.000163789370695,0.000163789370695,0.000163789370695
8.541667,0.000166049699976,0.000166049699976,0.000166049699976
8.583333,0.000168341222297,0.000168341222297,0.000168341222297
8.625000,0.00017066436813,0.00017066436813,0.00017066436813
8.666667,0.000173019573885,0.000173019573885,0.000173019573885
8.708333,0.000175407281996,0.000175407281996,0.000175407281996
8.750000,0.000177827941004,0.000177827941004,0.000177827941004
8.791667,0.000180282005638,0.000180282005638,0.000180282005638
8.833333,0.000182769936902,0.000182769936902,0.000182769936902
8.875000,0.000185292202164,0.000185292202164,0.000185292202164
8.916667,0.000187849275241,0.000187849275241,0.000187849275241
8.958333,0.000190441636487,0.000190441636487,0.000190441636487
9.000000,0.000193069772888,0.000193069772888,0.000193069772888
9.041667,0.000195734178149,0.000195734178149,0.000195734178149
9.083333,0.000198435352787,0.000198435352787,0.000198435352787
9.125000,0.000201173804228,0.000201173804228,0.000201173804228
9.166667,0.000203950046901,0.000203950046901,0.000203950046901
9.208333,0.000206764602331,0.000206764602331,0.000206764602331
9.250000,0.000209617999245,0.000209617999245,0.000209617999245
9.291667,0.000212510773663,0.000212510773663,0.000212510773663
9.333333,0.000215443469003,0.000215443469003,0.000215443469003
9.375000,0.000218416636183,0.000218416636183,0.000218416636183
9.416667,0.000221430833722,0.000221430833722,0.000221430833722
9.458333,0.00022448662785,0.00022448662785,0.00022448662785
9.500000,0.000227584592607,0.000227584592607,0.000227584592607
9.541667,0.000230725309959,0.000230725309959,0.000230725309959
9.583333,0.000233909369899,0.000233909369899,0.000233909369899
9.625000,0.000237137370566,0.000237137370566,0.000237137370566
9.666667,0.000240409918351,0.000240409918351,0.000240409918351
9.708333,0.000243727628014,0.000243727628014,0.000243727628014
9.750000,0.000247091122799,0.000247091122799,0.000247091122799
9.791667,0.00025050103455,0.00025050103455,0.00025050103455
9.833333,0.000253958003832,0.000253958003832,0.000253958003832
9.875000,0.000257462680049,0.000257462680049,0.000257462680049
9.916667,0.000261015721568,0.000261015721568,0.000261015721568
9.958333,0.00026461779584,0.00026461779584,0.00026461779584
10.000000,0.000268269579528,0.000268269579528,0.000268269579528
10.041667,0.000271971758633,0.000271971758633,0.000271971758633
10.083333,0.000275725028622,0.000275725028622,0.000275725028622
10.125000,0.000279530094561,0.000279530094561,0.000279530094561
10.166667,0.000283387671245,0.000283387671245,0.000283387671245
10.208333,0.000287298483335,0.000287298483335,0.000287298483335
10.250000,0.000291263265491,0.000291263265491,0.000291263265491
10.291667,0.000295282762511,0.000295282762511,0.000295282762511
10.333333,0.000299357729472,0.000299357729472,0.000299357729472
10.375000,0.000303488931872,0.000303488931872,0.000303488931872
10.416667,0.000307677145773,0.000307677145773,0.000307677145773
10.458333,0.000311923157945,0.000311923157945,0.000311923157945
10.500000,0.000316227766017,0.000316227766017,0.000316227766017
10.541667,0.000320591778626,0.000320591778626,0.000320591778626
10.583333,0.000325016015567,0.000325016015567,0.000325016015567
10.625000,0.000329501307949,0.000329501307949,0.000329501307949
10.666667,0.000334048498351,0.000334048498351,0.000334048498351
10.708333,0.000338658440979,0.000338658440979,0.000338658440979
10.750000,0.000343332001828,0.000343332001828,0.000343332001828
10.791667,0.000348070058843,0.000348070058843,0.000348070058843
10.833333,0.000352873502085,0.000352873502085,0.000352873502085
10.875000,0.000357743233898,0.000357743233898,0.000357743233898
10.916667,0.00036268016908,0.00036268016908,0.00036268016908
10.958333,0.000367685235051,0.000367685235051,0.000367685235051
11.000000,0.000372759372031,0.000372759372031,0.000372759372031
11.041667,0.000377903533217,0.000377903533217,0.000377903533217
11.083333,0.000383118684956,0.000383118684956,0.000383118684956
11.125000,0.000388405806934,0.000388405806934,0.000388405806934
11.166667,0.000393765892356,0.000393765892356,0.000393765892356
11.208333,0.000399199948135,0.000399199948135,0.000399199948135
11.250000,0.000404708995076,0.000404708995076,0.000404708995076
11.291667,0.000410294068075,0.000410294068075,0.000410294068075
11.333333,0.000415956216307,0.000415956216307,0.000415956216307
11.375000,0.000421696503429,0.000421696503429,0.000421696503429
11.416667,0.000427516007773,0.000427516007773,0.000427516007773
11.458333,0.000433415822555,0.000433415822555,0.000433415822555
11.500000,0.000439397056076,0.000439397056076,0.000439397056076
11.541667,0.000445460831933,0.000445460831933,0.000445460831933
11.583333,0.000451608289229,0.000451608289229,0.000451608289229
11.625000,0.000457840582785,0.000457840582785,0.000457840582785
11.666667,0.000464158883361,0.000464158883361,0.000464158883361
11.708333,0.000470564377872,0.000470564377872,0.000470564377872
11.750000,0.000477058269614,0.000477058269614,0.000477058269614
11.791667,0.000483641778488,0.000483641778488,0.000483641778488
11.833333,0.00049031614123,0.00049031614123,0.00049031614123
11.875000,0.000497082611644,0.000497082611644,0.000497082611644
11.916667,0.000503942460835,0.000503942460835,0.000503942460835
11.958333,0.000510896977451,0.000510896977451,0.000510896977451
12.000000,0.000517947467923,0.000517947467923,0.000517947467923
12.041667,0.000525095256712,0.000525095256712,0.000525095256712
12.083333,0.000532341686556,0.000532341686556,0.000532341686556
12.125000,0.000539688118723,0.000539688118723,0.000539688118723
12.166667,0.000547135933267,0.000547135933267,0.000547135933267
12.208333,0.000554686529287,0.000554686529287,0.000554686529287
12.250000,0.00056234132519,0.00056234132519,0.00056234132519
12.291667,0.000570101758958,0.000570101758958,0.000570101758958
12.333333,0.000577969288415,0.000577969288415,0.000577969288415
12.375000,0.000585945391507,0.000585945391507,0.000585945391507
12.416667,0.000594031566573,0.000594031566573,0.000594031566573
12.458333,0.00060222933263,0.00060222933263,0.00060222933263
12.500000,0.000610540229659,0.000610540229659,0.000610540229659
12.541667,0.000618965818891,0.000618965818891,0.000618965818891
12.583333,0.000627507683106,0.000627507683106,0.000627507683106
12.625000,0.000636167426922,0.000636167426922,0.000636167426922
12.666667,0.000644946677104,0.000644946677104,0.000644946677104
12.708333,0.000653847082866,0.000653847082866,0.000653847082866
12.750000,0.000662870316183,0.000662870316183,0.000662870316183
12.791667,0.0006720180721,0.0006720180721,0.0006720180721
12.833333,0.000681292069058,0.000681292069058,0.000681292069058
12.875000,0.00069069404921,0.00069069404921,0.00069069404921
12.916667,0.000700225778753,0.000700225778753,0.000700225778753
12.958333,0.000709889048257,0.000709889048257,0.000709889048257
13.000000,0.000719685673001,0.000719685673001,0.000719685673001
13.041667,0.000729617493318,0.000729617493318,0.000729617493318
13.083333,0.000739686374937,0.000739686374937,0.000739686374937
13.125000,0.000749894209332,0.000749894209332,0.000749894209332
13.166667,0.000760242914084,0.000760242914084,0.000760242914084
13.208333,0.000770734433234,0.000770734433234,0.000770734433234
13.250000,0.000781370737652,0.000781370737652,0.000781370737652
13.291667,0.000792153825406,0.000792153825406,0.000792153825406
13.333333,0.000803085722139,0.000803085722139,0.000803085722139
13.375000,0.000814168481448,0.000814168481448,0.000814168481448
13.416667,0.000825404185268,0.000825404185268,0.000825404185268
13.458333,0.000836794944268,0.000836794944268,0.000836794944268
13.500000,0.000848342898244,0.000848342898244,0.000848342898244
13.541667,0.00086005021652,0.00086005021652,0.00086005021652
13.583333,0.00087191909836,0.00087191909836,0.00087191909836
13.625000,0.000883951773374,0.000883951773374,0.000883951773374
13.666667,0.000896150501947,0.000896150501947,0.000896150501947
13.708333,0.000908517575652,0.000908517575652,0.000908517575652
13.750000,0.000921055317689,0.000921055317689,0.000921055317689
13.791667,0.00093376608332,0.00093376608332,0.00093376608332
13.833333,0.000946652260308,0.000946652260308,0.000946652260308
13.875000,0.000959716269368,0.000959716269368,0.000959716269368
13.916667,0.000972960564621,0.000972960564621,0.000972960564621
13.958333,0.000986387634057,0.000986387634057,0.000986387634057
14.000000,0.001,0.001,0.001
14.041667,0.00101380021958,0.00101380021958,0.00101380021958
14.083333,0.00102779088522,0.00102779088522,0.00102779088522
14.125000,0.00104197462512,0.00104197462512,0.00104197462512
14.166667,0.00105635410375,0.00105635410375,0.00105635410375
14.208333,0.00107093202234,0.00107093202234,0.00107093202234
14.250000,0.0010857111194,0.0010857111194,0.0010857111194
14.291667,0.00110069417125,0.00110069417125,0.00110069417125
14.333333,0.00111588399251,0.00111588399251,0.00111588399251
14.375000,0.00113128343663,0.00113128343663,0.00113128343663
14.416667,0.00114689539647,0.00114689539647,0.00114689539647
14.458333,0.00116272280478,0.00116272280478,0.00116272280478
14.500000,0.00117876863479,0.00117876863479,0.00117876863479
14.541667,0.00119503590079,0.00119503590079,0.00119503590079
14.583333,0.00121152765863,0.00121152765863,0.00121152765863
14.625000,0.00122824700635,0.00122824700635,0.00122824700635
14.666667,0.00124519708474,0.00124519708474,0.00124519708474
14.708333,0.00126238107793,0.00126238107793,0.00126238107793
14.750000,0.001279802214,0.001279802214,0.001279802214
14.791667,0.00129746376557,0.00129746376557,0.00129746376557
14.833333,0.00131536905044,0.00131536905044,0.00131536905044
14.875000,0.00133352143216,0.00133352143216,0.00133352143216
14.916667,0.00135192432074,0.00135192432074,0.00135192432074
14.958333,0.00137058117323,0.00137058117323,0.00137058117323
15.000000,0.00138949549437,0.00138949549437,0.00138949549437
15.041667,0.0014086708373,0.0014086708373,0.0014086708373
15.083333,0.00142811080418,0.00142811080418,0.00142811080418
15.125000,0.00144781904686,0.00144781904686,0.00144781904686
15.166667,0.00146779926762,0.00146779926762,0.00146779926762
15.208333,0.00148805521982,0.00148805521982,0.00148805521982
15.250000,0.0015085907086,0.0015085907086,0.0015085907086
15.291667,0.00152940959164,0.00152940959164,0.00152940959164
15.333333,0.00155051577983,0.00155051577983,0.00155051577983
15.375000,0.00157191323806,0.00157191323806,0.00157191323806
15.416667,0.00159360598591,0.00159360598591,0.00159360598591
15.458333,0.00161559809844,0.00161559809844,0.00161559809844
15.500000,0.00163789370695,0.00163789370695,0.00163789370695
15.541667,0.00166049699976,0.00166049699976,0.00166049699976
15.583333,0.00168341222297,0.00168341222297,0.00168341222297
15.625000,0.0017066436813,0.0017066436813,0.0017066436813
15.666667,0.00173019573885,0.00173019573885,0.00173019573885
15.708333,0.00175407281996,0.00175407281996,0.00175407281996
15.750000,0.00177827941004,0.00177827941004,0.00177827941004
15.791667,0.00180282005638,0.00180282005638,0.00180282005638
15.833333,0.00182769936902,0.00182769936902,0.00182769936902
15.875000,0.00185292202164,0.00185292202164,0.00185292202164
15.916667,0.00187849275241,0.00187849275241,0.00187849275241
15.958333,0.00190441636487,0.00190441636487,0.00190441636487
16.000000,0.00193069772888,0.00193069772888,0.00193069772888
16.041667,0.00195734178149,0.00195734178149,0.00195734178149
16.083333,0.00198435352787,0.00198435352787,0.00198435352787
16.125000,0.00201173804228,0.00201173804228,0.00201173804228
16.166667,0.00203950046901,0.00203950046901,0.00203950046901
16.208333,0.00206764602331,0.00206764602331,0.00206764602331
16.250000,0.00209617999245,0.00209617999245,0.00209617999245
16.291667,0.00212510773663,0.00212510773663,0.00212510773663
16.333333,0.00215443469003,0.00215443469003,0.00215443469003
16.375000,0.00218416636183,0.00218416636183,0.00218416636183
16.416667,0.00221430833722,0.00221430833722,0.00221430833722
16.458333,0.0022448662785,0.0022448662785,0.0022448662785
16.500000,0.00227584592607,0.00227584592607,0.00227584592607
16.541667,0.00230725309959,0.00230725309959,0.00230725309959
16.583333,0.00233909369899,0.00233909369899,0.00233909369899
16.625000,0.00237137370566,0.00237137370566,0.00237137370566
16.666667,0.00240409918351,0.00240409918351,0.00240409918351
16.708333,0.00243727628014,0.00243727628014,0.00243727628014
16.750000,0.00247091122799,0.00247091122799,0.00247091122799
16.791667,0.0025050103455,0.0025050103455,0.0025050103455
16.833333,0.00253958003832,0.00253958003832,0.00253958003832
16.875000,0.00257462680049,0.00257462680049,0.00257462680049
16.916667,0.00261015721568,0.00261015721568,0.00261015721568
16.958333,0.0026461779584,0.0026461779584,0.0026461779584
17.000000,0.00268269579528,0.00268269579528,0.00268269579528
17.041667,0.00271971758633,0.00271971758633,0.00271971758633
17.083333,0.00275725028622,0.00275725028622,0.00275725028622
17.125000,0.00279530094561,0.00279530094561,0.00279530094561
17.166667,0.00283387671245,0.00283387671245,0.00283387671245
17.208333,0.00287298483335,0.00287298483335,0.00287298483335
17.250000,0.00291263265491,0.00291263265491,0.00291263265491
17.291667,0.00295282762511,0.00295282762511,0.00295282762511
17.333333,0.00299357729472,0.00299357729472,0.00299357729472
17.375000,0.00303488931872,0.00303488931872,0.00303488931872
17.416667,0.00307677145773,0.00307677145773,0.00307677145773
17.458333,0.00311923157945,0.00311923157945,0.00311923157945
17.500000,0.00316227766017,0.00316227766017,0.00316227766017
17.541667,0.00320591778626,0.00320591778626,0.00320591778626
17.583333,0.00325016015567,0.00325016015567,0.00325016015567
17.625000,0.00329501307949,0.00329501307949,0.00329501307949
17.666667,0.00334048498351,0.00334048498351,0.00334048498351
17.708333,0.00338658440979,0.00338658440979,0.00338658440979
17.750000,0.00343332001828,0.00343332001828,0.00343332001828
17.791667,0.00348070058843,0.00348070058843,0.00348070058843
17.833333,0.00352873502085,0.00352873502085,0.00352873502085
17.875000,0.00357743233898,0.00357743233898,0.00357743233898
17.916667,0.0036268016908,0.0036268016908,0.0036268016908
17.958333,0.00367685235051,0.00367685235051,0.00367685235051
18.000000,0.00372759372031,0.00372759372031,0.00372759372031
18.041667,0.00377903533217,0.00377903533217,0.00377903533217
18.083333,0.00383118684956,0.00383118684956,0.00383118684956
18.125000,0.00388405806934,0.00388405806934,0.00388405806934
18.166667,0.00393765892356,0.00393765892356,0.00393765892356
18.208333,0.00399199948135,0.00399199948135,0.00399199948135
18.250000,0.00404708995076,0.00404708995076,0.00404708995076
18.291667,0.00410294068075,0.00410294068075,0.00410294068075
18.333333,0.00415956216307,0.00415956216307,0.00415956216307
18.375000,0.00421696503429,0.00421696503429,0.00421696503429
18.416667,0.00427516007773,0.00427516007773,0.00427516007773
18.458333,0.00433415822555,0.00433415822555,0.00433415822555
18.500000,0.00439397056076,0.00439397056076,0.00439397056076
18.541667,0.00445460831933,0.00445460831933,0.00445460831933
18.583333,0.00451608289229,0.00451608289229,0.00451608289229
18.625000,0.00457840582785,0.00457840582785,0.00457840582785
18.666667,0.00464158883361,0.00464158883361,0.00464158883361
18.708333,0.00470564377872,0.00470564377872,0.00470564377872
18.750000,0.00477058269614,0.00477058269614,0.00477058269614
18.791667,0.00483641778488,0.00483641778488,0.00483641778488
18.833333,0.0049031614123,0.0049031614123,0.0049031614123
18.875000,0.00497082611644,0.00497082611644,0.00497082611644
18.916667,0.00503942460835,0.00503942460835,0.00503942460835
18.958333,0.00510896977451,0.00510896977451,0.00510896977451
19.000000,0.00517947467923,0.00517947467923,0.00517947467923
19.041667,0.00525095256712,0.00525095256712,0.00525095256712
19.083333,0.00532341686556,0.00532341686556,0.00532341686556
19.125000,0.00539688118723,0.00539688118723,0.00539688118723
19.166667,0.00547135933267,0.00547135933267,0.00547135933267
19.208333,0.00554686529287,0.00554686529287,0.00554686529287
19.250000,0.0056234132519,0.0056234132519,0.0056234132519
19.291667,0.00570101758958,0.00570101758958,0.00570101758958
19.333333,0.00577969288415,0.00577969288415,0.00577969288415
19.375000,0.00585945391507,0.00585945391507,0.00585945391507
19.416667,0.00594031566573,0.00594031566573,0.00594031566573
19.458333,0.0060222933263,0.0060222933263,0.0060222933263
19.500000,0.00610540229659,0.00610540229659,0.00610540229659
19.541667,0.00618965818891,0.00618965818891,0.00618965818891
19.583333,0.00627507683106,0.00627507683106,0.00627507683106
19.625000,0.00636167426922,0.00636167426922,0.00636167426922
19.666667,0.00644946677104,0.00644946677104,0.00644946677104
19.708333,0.00653847082866,0.00653847082866,0.00653847082866
19.750000,0.00662870316183,0.00662870316183,0.00662870316183
19.791667,0.006720180721,0.006720180721,0.006720180721
19.833333,0.00681292069058,0.00681292069058,0.00681292069058
19.875000,0.0069069404921,0.0069069404921,0.0069069404921
19.916667,0.00700225778753,0.00700225778753,0.00700225778753
19.958333,0.00709889048257,0.00709889048257,0.00709889048257
20.000000,0.00719685673001,0.00719685673001,0.00719685673001
20.041667,0.00729617493318,0.00729617493318,0.00729617493318
20.083333,0.00739686374937,0.00739686374937,0.00739686374937
20.125000,0.00749894209332,0.00749894209332,0.00749894209332
20.166667,0.00760242914084,0.00760242914084,0.00760242914084
20.208333,0.00770734433234,0.00770734433234,0.00770734433234
20.250000,0.00781370737652,0.00781370737652,0.00781370737652
20.291667,0.00792153825406,0.00792153825406,0.00792153825406
20.333333,0.00803085722139,0.00803085722139,0.00803085722139
20.375000,0.00814168481448,0.00814168481448,0.00814168481448
20.416667,0.00825404185268,0.00825404185268,0.00825404185268
20.458333,0.00836794944268,0.00836794944268,0.00836794944268
20.500000,0.00848342898244,0.00848342898244,0.00848342898244
20.541667,0.0086005021652,0.0086005021652,0.0086005021652
20.583333,0.0087191909836,0.0087191909836,0.0087191909836
20.625000,0.00883951773374,0.00883951773374,0.00883951773374
20.666667,0.00896150501947,0.00896150501947,0.00896150501947
20.708333,0.00908517575652,0.00908517575652,0.00908517575652
20.750000,0.00921055317689,0.00921055317689,0.00921055317689
20.791667,0.0093376608332,0.0093376608332,0.0093376608332
20.833333,0.00946652260308,0.00946652260308,0.00946652260308
20.875000,0.00959716269368,0.00959716269368,0.00959716269368
20.916667,0.00972960564621,0.00972960564621,0.00972960564621
20.958333,0.00986387634057,0.00986387634057,0.00986387634057
21.000000,0.01,0.01,0.01
21.041667,0.0101380021958,0.0101380021958,0.0101380021958
21.083333,0.0102779088522,0.0102779088522,0.0102779088522
21.125000,0.0104197462512,0.0104197462512,0.0104197462512
21.166667,0.0105635410375,0.0105635410375,0.0105635410375
21.208333,0.0107093202234,0.0107093202234,0.0107093202234
21.250000,0.010857111194,0.010857111194,0.010857111194
21.291667,0.0110069417125,0.0110069417125,0.0110069417125
21.333333,0.0111588399251,0.0111588399251,0.0111588399251
21.375000,0.0113128343663,0.0113128343663,0.0113128343663
21.416667,0.0114689539647,0.0114689539647,0.0114689539647
21.458333,0.0116272280478,0.0116272280478,0.0116272280478
21.500000,0.0117876863479,0.0117876863479,0.0117876863479
21.541667,0.0119503590079,0.0119503590079,0.0119503590079
21.583333,0.0121152765863,0.0121152765863,0.0121152765863
21.625000,0.0122824700635,0.0122824700635,0.0122824700635
21.666667,0.0124519708474,0.0124519708474,0.0124519708474
21.708333,0.0126238107793,0.0126238107793,0.0126238107793
21.750000,0.01279802214,0.01279802214,0.01279802214
21.791667,0.0129746376557,0.0129746376557,0.0129746376557
21.833333,0.0131536905044,0.0131536905044,0.0131536905044
21.875000,0.0133352143216,0.0133352143216,0.0133352143216
21.916667,0.0135192432074,0.0135192432074,0.0135192432074
21.958333,0.0137058117323,0.0137058117323,0.0137058117323
22.000000,0.0138949549437,0.0138949549437,0.0138949549437
22.041667,0.014086708373,0.014086708373,0.014086708373
22.083333,0.0142811080418,0.0142811080418,0.0142811080418
22.125000,0.0144781904686,0.0144781904686,0.0144781904686
22.166667,0.0146779926762,0.0146779926762,0.0146779926762
22.208333,0.0148805521982,0.0148805521982,0.0148805521982
22.250000,0.015085907086,0.015085907086,0.015085907086
22.291667,0.0152940959164,0.0152940959164,0.0152940959164
22.333333,0.0155051577983,0.0155051577983,0.0155051577983
22.375000,0.0157191323806,0.0157191323806,0.0157191323806
22.416667,0.0159360598591,0.0159360598591,0.0159360598591
22.458333,0.0161559809844,0.0161559809844,0.0161559809844
22.500000,0.0163789370695,0.0163789370695,0.0163789370695
22.541667,0.0166049699976,0.0166049699976,0.0166049699976
22.583333,0.0168341222297,0.0168341222297,0.0168341222297
22.625000,0.017066436813,0.017066436813,0.017066436813
22.666667,0.0173019573885,0.0173019573885,0.0173019573885
22.708333,0.0175407281996,0.0175407281996,0.0175407281996
22.750000,0.0177827941004,0.0177827941004,0.0177827941004
22.791667,0.0180282005638,0.0180282005638,0.0180282005638
22.833333,0.0182769936902,0.0182769936902,0.0182769936902
22.875000,0.0185292202164,0.0185292202164,0.0185292202164
22.916667,0.0187849275241,0.0187849275241,0.0187849275241
22.958333,0.0190441636487,0.0190441636487,0.0190441636487
23.000000,0.0193069772888,0.0193069772888,0.0193069772888
23.041667,0.0195734178149,0.0195734178149,0.0195734178149
23.083333,0.0198435352787,0.0198435352787,0.0198435352787
23.125000,0.0201173804228,0.0201173804228,0.0201173804228
23.166667,0.0203950046901,0.0203950046901,0.0203950046901
23.208333,0.0206764602331,0.0206764602331,0.0206764602331
23.250000,0.0209617999245,0.0209617999245,0.0209617999245
23.291667,0.0212510773663,0.0212510773663,0.0212510773663
23.333333,0.0215443469003,0.0215443469003,0.0215443469003
23.375000,0.0218416636183,0.0218416636183,0.0218416636183
23.416667,0.0221430833722,0.0221430833722,0.0221430833722
23.458333,0.022448662785,0.022448662785,0.022448662785
23.500000,0.0227584592607,0.0227584592607,0.0227584592607
23.541667,0.0230725309959,0.0230725309959,0.0230725309959
23.583333,0.0233909369899,0.0233909369899,0.0233909369899
23.625000,0.0237137370566,0.0237137370566,0.0237137370566
23.666667,0.0240409918351,0.0240409918351,0.0240409918351
23.708333,0.0243727628014,0.0243727628014,0.0243727628014
23.750000,0.0247091122799,0.0247091122799,0.0247091122799
23.791667,0.025050103455,0.025050103455,0.025050103455
23.833333,0.0253958003832,0.0253958003832,0.0253958003832
23.875000,0.0257462680049,0.0257462680049,0.0257462680049
23.916667,0.0261015721568,0.0261015721568,0.0261015721568
23.958333,0.026461779584,0.026461779584,0.026461779584
24.000000,0.0268269579528,0.0268269579528,0.0268269579528
24.041667,0.0271971758633,0.0271971758633,0.0271971758633
24.083333,0.0275725028622,0.0275725028622,0.0275725028622
24.125000,0.0279530094561,0.0279530094561,0.0279530094561
24.166667,0.0283387671245,0.0283387671245,0.0283387671245
24.208333,0.0287298483335,0.0287298483335,0.0287298483335
24.250000,0.0291263265491,0.0291263265491,0.0291263265491
24.291667,0.0295282762511,0.0295282762511,0.0295282762511
24.333333,0.0299357729472,0.0299357729472,0.0299357729472
24.375000,0.0303488931872,0.0303488931872,0.0303488931872
24.416667,0.0307677145773,0.0307677145773,0.0307677145773
24.458333,0.0311923157945,0.0311923157945,0.0311923157945
24.500000,0.0316227766017,0.0316227766017,0.0316227766017
24.541667,0.0320591778626,0.0320591778626,0.0320591778626
24.583333,0.0325016015567,0.0325016015567,0.0325016015567
24.625000,0.0329501307949,0.0329501307949,0.0329501307949
24.666667,0.0334048498351,0.0334048498351,0.0334048498351
24.708333,0.0338658440979,0.0338658440979,0.0338658440979
24.750000,0.0343332001828,0.0343332001828,0.0343332001828
24.791667,0.0348070058843,0.0348070058843,0.0348070058843
24.833333,0.0352873502085,0.0352873502085,0.0352873502085
24.875000,0.0357743233898,0.0357743233898,0.0357743233898
24.916667,0.036268016908,0.036268016908,0.036268016908
24.958333,0.0367685235051,0.0367685235051,0.0367685235051
25.000000,0.0372759372031,0.0372759372031,0.0372759372031
25.041667,0.0377903533217,0.0377903533217,0.0377903533217
25.083333,0.0383118684956,0.0383118684956,0.0383118684956
25.125000,0.0388405806934,0.0388405806934,0.0388405806934
25.166667,0.0393765892356,0.0393765892356,0.0393765892356
25.208333,0.0399199948135,0.0399199948135,0.0399199948135
25.250000,0.0404708995076,0.0404708995076,0.0404708995076
25.291667,0.0410294068075,0.0410294068075,0.0410294068075
25.333333,0.0415956216307,0.0415956216307,0.0415956216307
25.375000,0.0421696503429,0.0421696503429,0.0421696503429
25.416667,0.0427516007773,0.0427516007773,0.0427516007773
25.458333,0.0433415822555,0.0433415822555,0.0433415822555
25.500000,0.0439397056076,0.0439397056076,0.0439397056076
25.541667,0.0445460831933,0.0445460831933,0.0445460831933
25.583333,0.0451608289229,0.0451608289229,0.0451608289229
25.625000,0.0457840582785,0.0457840582785,0.0457840582785
25.666667,0.0464158883361,0.0464158883361,0.0464158883361
25.708333,0.0470564377872,0.0470564377872,0.0470564377872
25.750000,0.0477058269614,0.0477058269614,0.0477058269614
25.791667,0.0483641778488,0.0483641778488,0.0483641778488
25.833333,0.049031614123,0.049031614123,0.049031614123
25.875000,0.0497082611644,0.0497082611644,0.0497082611644
25.916667,0.0503942460835,0.0503942460835,0.0503942460835
25.958333,0.0510896977451,0.0510896977451,0.0510896977451
26.000000,0.0517947467923,0.0517947467923,0.0517947467923
26.041667,0.0525095256712,0.0525095256712,0.0525095256712
26.083333,0.0532341686556,0.0532341686556,0.0532341686556
26.125000,0.0539688118723,0.0539688118723,0.0539688118723
26.166667,0.0547135933267,0.0547135933267,0.0547135933267
26.208333,0.0554686529287,0.0554686529287,0.0554686529287
26.250000,0.056234132519,0.056234132519,0.056234132519
26.291667,0.0570101758958,0.0570101758958,0.0570101758958
26.333333,0.0577969288415,0.0577969288415,0.0577969288415
26.375000,0.0585945391507,0.0585945391507,0.0585945391507
26.416667,0.0594031566573,0.0594031566573,0.0594031566573
26.458333,0.060222933263,0.060222933263,0.060222933263
26.500000,0.0610540229659,0.0610540229659,0.0610540229659
26.541667,0.0618965818891,0.0618965818891,0.0618965818891
26.583333,0.0627507683106,0.0627507683106,0.0627507683106
26.625000,0.0636167426922,0.0636167426922,0.0636167426922
26.666667,0.0644946677104,0.0644946677104,0.0644946677104
26.708333,0.0653847082866,0.0653847082866,0.0653847082866
26.750000,0.0662870316183,0.0662870316183,0.0662870316183
26.791667,0.06720180721,0.06720180721,0.06720180721
26.833333,0.0681292069058,0.0681292069058,0.0681292069058
26.875000,0.069069404921,0.069069404921,0.069069404921
26.916667,0.0700225778753,0.0700225778753,0.0700225778753
26.958333,0.0709889048257,0.0709889048257,0.0709889048257
27.000000,0.0719685673001,0.0719685673001,0.0719685673001
27.041667,0.0729617493318,0.0729617493318,0.0729617493318
27.083333,0.0739686374937,0.0739686374937,0.0739686374937
27.125000,0.0749894209332,0.0749894209332,0.0749894209332
27.166667,0.0760242914084,0.0760242914084,0.0760242914084
27.208333,0.0770734433234,0.0770734433234,0.0770734433234
27.250000,0.0781370737652,0.0781370737652,0.0781370737652
27.291667,0.0792153825406,0.0792153825406,0.0792153825406
27.333333,0.0803085722139,0.0803085722139,0.0803085722139
27.375000,0.0814168481448,0.0814168481448,0.0814168481448
27.416667,0.0825404185268,0.0825404185268,0.0825404185268
27.458333,0.0836794944268,0.0836794944268,0.0836794944268
27.500000,0.0848342898244,0.0848342898244,0.0848342898244
27.541667,0.086005021652,0.086005021652,0.086005021652
27.583333,0.087191909836,0.087191909836,0.087191909836
27.625000,0.0883951773374,0.0883951773374,0.0883951773374
27.666667,0.0896150501947,0.0896150501947,0.0896150501947
27.708333,0.0908517575652,0.0908517575652,0.0908517575652
27.750000,0.0921055317689,0.0921055317689,0.0921055317689
27.791667,0.093376608332,0.093376608332,0.093376608332
27.833333,0.0946652260308,0.0946652260308,0.0946652260308
27.875000,0.0959716269368,0.0959716269368,0.0959716269368
27.916667,0.0972960564621,0.0972960564621,0.0972960564621
27.958333,0.0986387634057,0.0986387634057,0.0986387634057
28.000000,0.1,0.1,0.1
28.041667,0.101380021958,0.101380021958,0.101380021958
28.083333,0.102779088522,0.102779088522,0.102779088522
28.125000,0.104197462512,0.104197462512,0.104197462512
28.166667,0.105635410375,0.105635410375,0.105635410375
28.208333,0.107093202234,0.107093202234,0.107093202234
28.250000,0.10857111194,0.10857111194,0.10857111194
28.291667,0.110069417125,0.110069417125,0.110069417125
28.333333,0.111588399251,0.111588399251,0.111588399251
28.375000,0.113128343663,0.113128343663,0.113128343663
28.416667,0.114689539647,0.114689539647,0.114689539647
28.458333,0.116272280478,0.116272280478,0.116272280478
28.500000,0.117876863479,0.117876863479,0.117876863479
28.541667,0.119503590079,0.119503590079,0.119503590079
28.583333,0.121152765863,0.121152765863,0.121152765863
28.625000,0.122824700635,0.122824700635,0.122824700635
28.666667,0.124519708474,0.124519708474,0.124519708474
28.708333,0.126238107793,0.126238107793,0.126238107793
28.750000,0.1279802214,0.1279802214,0.1279802214
28.791667,0.129746376557,0.129746376557,0.129746376557
28.833333,0.131536905044,0.131536905044,0.131536905044
28.875000,0.133352143216,0.133352143216,0.133352143216
28.916667,0.135192432074,0.135192432074,0.135192432074
28.958333,0.137058117323,0.137058117323,0.137058117323
29.000000,0.138949549437,0.138949549437,0.138949549437
29.041667,0.14086708373,0.14086708373,0.14086708373
29.083333,0.142811080418,0.142811080418,0.142811080418
29.125000,0.144781904686,0.144781904686,0.144781904686
29.166667,0.146779926762,0.146779926762,0.146779926762
29.208333,0.148805521982,0.148805521982,0.148805521982
29.250000,0.15085907086,0.15085907086,0.15085907086
29.291667,0.152940959164,0.152940959164,0.152940959164
29.333333,0.155051577983,0.155051577983,0.155051577983
29.375000,0.157191323806,0.157191323806,0.157191323806
29.416667,0.159360598591,0.159360598591,0.159360598591
29.458333,0.161559809844,0.161559809844,0.161559809844
29.500000,0.163789370695,0.163789370695,0.163789370695
29.541667,0.166049699976,0.166049699976,0.166049699976
29.583333,0.168341222297,0.168341222297,0.168341222297
29.625000,0.17066436813,0.17066436813,0.17066436813
29.666667,0.173019573885,0.173019573885,0.173019573885
29.708333,0.175407281996,0.175407281996,0.175407281996
29.750000,0.177827941004,0.177827941004,0.177827941004
29.791667,0.180282005638,0.180282005638,0.180282005638
29.833333,0.182769936902,0.182769936902,0.182769936902
29.875000,0.185292202164,0.185292202164,0.185292202164
29.916667,0.187849275241,0.187849275241,0.187849275241
29.958333,0.190441636487,0.190441636487,0.190441636487
30.000000,0.193069772888,0.193069772888,0.193069772888
30.041667,0.195734178149,0.195734178149,0.195734178149
30.083333,0.198435352787,0.198435352787,0.198435352787
30.125000,0.201173804228,0.201173804228,0.201173804228
30.166667,0.203950046901,0.203950046901,0.203950046901
30.208333,0.206764602331,0.206764602331,0.206764602331
30.250000,0.209617999245,0.209617999245,0.209617999245
30.291667,0.212510773663,0.212510773663,0.212510773663
30.333333,0.215443469003,0.215443469003,0.215443469003
30.375000,0.218416636183,0.218416636183,0.218416636183
30.416667,0.221430833722,0.221430833722,0.221430833722
30.458333,0.22448662785,0.22448662785,0.22448662785
30.500000,0.227584592607,0.227584592607,0.227584592607
30.541667,0.230725309959,0.230725309959,0.230725309959
30.583333,0.233909369899,0.233909369899,0.233909369899
30.625000,0.237137370566,0.237137370566,0.237137370566
30.666667,0.240409918351,0.240409918351,0.240409918351
30.708333,0.243727628014,0.243727628014,0.243727628014
30.750000,0.247091122799,0.247091122799,0.247091122799
30.791667,0.25050103455,0.25050103455,0.25050103455
30.833333,0.253958003832,0.253958003832,0.253958003832
30.875000,0.257462680049,0.257462680049,0.257462680049
30.916667,0.261015721568,0.261015721568,0.261015721568
30.958333,0.26461779584,0.26461779584,0.26461779584
31.000000,0.268269579528,0.268269579528,0.268269579528
31.041667,0.271971758633,0.271971758633,0.271971758633
31.083333,0.275725028622,0.275725028622,0.275725028622
31.125000,0.279530094561,0.279530094561,0.279530094561
31.166667,0.283387671245,0.283387671245,0.283387671245
31.208333,0.287298483335,0.287298483335,0.287298483335
31.250000,0.291263265491,0.291263265491,0.291263265491
31.291667,0.295282762511,0.295282762511,0.295282762511
31.333333,0.299357729472,0.299357729472,0.299357729472
31.375000,0.303488931872,0.303488931872,0.303488931872
31.416667,0.307677145773,0.307677145773,0.307677145773
31.458333,0.311923157945,0.311923157945,0.311923157945
31.500000,0.316227766017,0.316227766017,0.316227766017
31.541667,0.320591778626,0.320591778626,0.320591778626
31.583333,0.325016015567,0.325016015567,0.325016015567
31.625000,0.329501307949,0.329501307949,0.329501307949
31.666667,0.334048498351,0.334048498351,0.334048498351
31.708333,0.338658440979,0.338658440979,0.338658440979
31.750000,0.343332001828,0.343332001828,0.343332001828
31.791667,0.348070058843,0.348070058843,0.348070058843
31.833333,0.352873502085,0.352873502085,0.352873502085
31.875000,0.357743233898,0.357743233898,0.357743233898
31.916667,0.36268016908,0.36268016908,0.36268016908
31.958333,0.367685235051,0.367685235051,0.367685235051
32.000000,0.372759372031,0.372759372031,0.372759372031
32.041667,0.377903533217,0.377903533217,0.377903533217
32.083333,0.383118684956,0.383118684956,0.383118684956
32.125000,0.388405806934,0.388405806934,0.388405806934
32.166667,0.393765892356,0.393765892356,0.393765892356
32.208333,0.399199948135,0.399199948135,0.399199948135
32.250000,0.404708995076,0.404708995076,0.404708995076
32.291667,0.410294068075,0.410294068075,0.410294068075
32.333333,0.415956216307,0.415956216307,0.415956216307
32.375000,0.421696503429,0.421696503429,0.421696503429
32.416667,0.427516007773,0.427516007773,0.427516007773
32.458333,0.433415822555,0.433415822555,0.433415822555
32.500000,0.439397056076,0.439397056076,0.439397056076
32.541667,0.445460831933,0.445460831933,0.445460831933
32.583333,0.451608289229,0.451608289229,0.451608289229
32.625000,0.457840582785,0.457840582785,0.457840582785
32.666667,0.464158883361,0.464158883361,0.464158883361
32.708333,0.470564377872,0.470564377872,0.470564377872
32.750000,0.477058269614,0.477058269614,0.477058269614
32.791667,0.483641778488,0.483641778488,0.483641778488
32.833333,0.49031614123,0.49031614123,0.49031614123
32.875000,0.497082611644,0.497082611644,0.497082611644
32.916667,0.503942460835,0.503942460835,0.503942460835
32.958333,0.510896977451,0.510896977451,0.510896977451
33.000000,0.517947467923,0.517947467923,0.517947467923
33.041667,0.525095256712,0.525095256712,0.525095256712
33.083333,0.532341686556,0.532341686556,0.532341686556
33.125000,0.539688118723,0.539688118723,0.539688118723
33.166667,0.547135933267,0.547135933267,0.547135933267
33.208333,0.554686529287,0.554686529287,0.554686529287
33.250000,0.56234132519,0.56234132519,0.56234132519
33.291667,0.570101758958,0.570101758958,0.570101758958
33.333333,0.577969288415,0.577969288415,0.577969288415
33.375000,0.585945391507,0.585945391507,0.585945391507
33.416667,0.594031566573,0.594031566573,0.594031566573
33.458333,0.60222933263,0.60222933263,0.60222933263
33.500000,0.610540229659,0.610540229659,0.610540229659
33.541667,0.618965818891,0.618965818891,0.618965818891
33.583333,0.627507683106,0.627507683106,0.627507683106
33.625000,0.636167426922,0.636167426922,0.636167426922
33.666667,0.644946677104,0.644946677104,0.644946677104
33.708333,0.653847082866,0.653847082866,0.653847082866
33.750000,0.662870316183,0.662870316183,0.662870316183
33.791667,0.6720180721,0.6720180721,0.6720180721
33.833333,0.681292069058,0.681292069058,0.681292069058
33.875000,0.69069404921,0.69069404921,0.69069404921
33.916667,0.700225778753,0.700225778753,0.700225778753
33.958333,0.709889048257,0.709889048257,0.709889048257
34.000000,0.719685673001,0.719685673001,0.719685673001
34.041667,0.729617493318,0.729617493318,0.729617493318
34.083333,0.739686374937,0.739686374937,0.739686374937
34.125000,0.749894209332,0.749894209332,0.749894209332
34.166667,0.760242914084,0.760242914084,0.760242914084
34.208333,0.770734433234,0.770734433234,0.770734433234
34.250000,0.781370737652,0.781370737652,0.781370737652
34.291667,0.792153825406,0.792153825406,0.792153825406
34.333333,0.803085722139,0.803085722139,0.803085722139
34.375000,0.814168481448,0.814168481448,0.814168481448
34.416667,0.825404185268,0.825404185268,0.825404185268
34.458333,0.836794944268,0.836794944268,0.836794944268
34.500000,0.848342898244,0.848342898244,0.848342898244
34.541667,0.86005021652,0.86005021652,0.86005021652
34.583333,0.87191909836,0.87191909836,0.87191909836
34.625000,0.883951773374,0.883951773374,0.883951773374
34.666667,0.896150501947,0.896150501947,0.896150501947
34.708333,0.908517575652,0.908517575652,0.908517575652
34.750000,0.921055317689,0.921055317689,0.921055317689
34.791667,0.93376608332,0.93376608332,0.93376608332
34.833333,0.946652260308,0.946652260308,0.946652260308
34.875000,0.959716269368,0.959716269368,0.959716269368
34.916667,0.972960564621,0.972960564621,0.972960564621
34.958333,0.986387634057,0.986387634057,0.986387634057
35.000000,1,1,1
35.041667,1.02930223664,1.02633378389,1.02189714865
35.083333,1.05946309436,1.05336103595,1.04427378243
35.125000,1.09050773267,1.08110001783,1.06714040068
35.166667,1.12246204831,1.10956947207,1.09050773267
35.208333,1.15535269687,1.13878863476,1.1143867426
35.250000,1.189207115,1.16877724856,1.13878863476
35.291667,1.2240535433,1.19955557604,1.16372485878
35.333333,1.25992104989,1.23114441334,1.189207115
35.375000,1.29683955465,1.26356510426,1.21524735998
35.416667,1.33483985417,1.29683955465,1.24185781207
35.458333,1.37395364746,1.33099024722,1.26905095719
35.500000,1.41421356237,1.36604025675,1.29683955465
35.541667,1.45565318284,1.40201326566,1.32523664316
35.583333,1.49830707688,1.43893358001,1.35425554694
35.625000,1.54221082541,1.47682614594,1.38390988196
35.666667,1.58740105197,1.51571656651,1.41421356237
35.708333,1.63391545324,1.55563111901,1.44518080698
35.750000,1.68179283051,1.59659677271,1.47682614594
35.791667,1.73107312201,1.63864120709,1.50916442759
35.833333,1.78179743628,1.68179283051,1.54221082541
35.875000,1.83400808641,1.72608079945,1.57598084511
35.916667,1.88774862536,1.7715350382,1.61049033195
35.958333,1.94306388231,1.81818625906,1.64575547815
36.000000,2,1.86606598307,1.68179283051
36.041667,2.05860447329,1.9152065614,1.71861929812
36.083333,2.11892618872,1.96564119709,1.75625216037
36.125000,2.18101546533,2.01740396758,1.794709075
36.166667,2.24492409662,2.07052984768,1.83400808641
36.208333,2.31070539374,2.12505473323,1.87416763411
36.250000,2.37841423001,2.18101546533,1.9152065614
36.291667,2.44810708661,2.23844985526,1.95714412418
36.333333,2.51984209979,2.29739670999,2
36.375000,2.5936791093,2.35789585847,2.04379429731
36.416667,2.66967970834,2.41998817844,2.08854756485
36.458333,2.74790729492,2.48371562415,2.13428080135
36.500000,2.82842712475,2.54912125464,2.18101546533
36.541667,2.91130636568,2.61624926287,2.22877348519
36.583333,2.99661415375,2.68514500556,2.27757726951
36.625000,3.08442165082,2.75585503385,2.32744971756
36.666667,3.17480210394,2.82842712475,2.37841423001
36.708333,3.26783090648,2.9029103134,2.43049471996
36.750000,3.36358566101,2.97935492625,2.48371562415
36.791667,3.46214624402,3.05781261501,2.53810191438
36.833333,3.56359487256,3.13833639159,2.5936791093
36.875000,3.66801617282,3.2209806639,2.65047328632
36.916667,3.77549725073,3.30580127262,2.70851109387
36.958333,3.88612776461,3.39285552891,2.76781976393
37.000000,4,3.48220225318,2.82842712475
37.041667,4.11720894657,3.57390181478,2.89036161395
37.083333,4.23785237744,3.66801617282,2.95365229188
37.125000,4.36203093066,3.76460891802,3.01832885519
37.166667,4.48984819324,3.8637453157,3.08442165082
37.208333,4.62141078749,3.96549234985,3.15196169022
37.250000,4.75682846001,4.06991876841,3.2209806639
37.291667,4.89621417322,4.17709512971,3.29151095631
37.333333,5.03968419958,4.28709385015,3.36358566101
37.375000,5.1873582186,4.39998925311,3.43723859624
37.416667,5.33935941668,4.51585761922,3.51250432075
37.458333,5.49581458983,4.63477723785,3.58941815001
37.500000,5.65685424949,4.75682846001,3.66801617282
37.541667,5.82261273137,4.88209375268,3.74833526822
37.583333,5.99322830751,5.0106577545,3.83041312279
37.625000,6.16884330163,5.14260733295,3.91428824835
37.666667,6.34960420787,5.27803164309,4
37.708333,6.53566181296,5.41702218775,4.08758859462
37.750000,6.72717132203,5.55967287937,4.17709512971
37.791667,6.92429248805,5.70608010348,4.26856160271
37.833333,7.12718974512,5.85634278378,4.36203093066
37.875000,7.33603234564,6.01056244904,4.45754697038
37.916667,7.55099450145,6.16884330163,4.55515453903
37.958333,7.77225552923,6.33129228799,4.65489943511
38.000000,8,6.49801917085,4.75682846001
38.041667,8.23441789315,6.66913660341,4.86098943992
38.083333,8.47570475487,6.84476020546,4.96743124829
38.125000,8.72406186132,7.02500864149,5.07620382877
38.166667,8.97969638647,7.21000370089,5.1873582186
38.208333,9.24282157498,7.39987038019,5.30094657264
38.250000,9.51365692002,7.5947369676,5.41702218775
38.291667,9.79242834644,7.79473512961,5.53563952786
38.333333,10.0793683992,8,5.65685424949
38.375000,10.3747164372,8.21067027112,5.78072322791
38.416667,10.6787188334,8.42688828764,5.90730458376
38.458333,10.9916291797,8.64880014267,6.03665771037
38.500000,11.313708499,8.87655577654,6.16884330163
38.541667,11.6452254627,9.11030907805,6.30392338043
38.583333,11.986456615,9.35021798849,6.4419613278
38.625000,12.3376866033,9.59644460833,6.58302191262
38.666667,12.6992084157,9.84915530676,6.72717132203
38.708333,13.0713236259,10.1085208341,6.87447719249
38.750000,13.4543426441,10.3747164372,7.02500864149
38.791667,13.8485849761,10.6479219778,7.17883630001
38.833333,14.2543794902,10.928322054,7.33603234564
38.875000,14.6720646913,11.2161061253,7.49667053644
38.916667,15.1019890029,11.5114686401,7.66082624559
38.958333,15.5445110585,11.8146091675,7.8285764967
39.000000,16,12.1257325321,8
39.041667,16.4688357863,12.4450489521,8.17517718923
39.083333,16.9514095097,12.7727741817,8.35419025942
39.125000,17.4481237226,13.1091296567,8.53712320541
39.166667,17.9593927729,13.4543426441,8.72406186132
39.208333,18.48564315,13.8086463956,8.91509394077
39.250000,19.02731384,14.1722803056,9.11030907805
39.291667,19.5848566929,14.5454900724,9.30979887022
39.333333,20.1587367983,14.9285278646,9.51365692002
39.375000,20.7494328744,15.3216524912,9.72197887984
39.416667,21.3574376667,15.7251295767,9.93486249659
39.458333,21.9832583593,16.1392317406,10.1524076575
39.500000,22.627416998,16.5642387815,10.3747164372
39.541667,23.2904509255,17.0004378658,10.6018931453
39.583333,23.97291323,17.4481237226,10.8340443755
39.625000,24.6753732065,17.907598842,11.0712790557
39.666667,25.3984168315,18.37917368,11.313708499
39.708333,26.1426472519,18.8631668677,11.5614464558
39.750000,26.9086852881,19.3599054275,11.8146091675
39.791667,27.6971699522,19.8697249932,12.0733154207
39.833333,28.5087589805,20.3929700371,12.3376866033
39.875000,29.3441293825,20.9299941029,12.6078467609
39.916667,30.2039780058,21.4811600445,12.8839226556
39.958333,31.0890221169,22.0468402708,13.1660438252
40.000000,32,22.627416998,13.4543426441
40.041667,32.9376715726,23.2232825072,13.748954385
40.083333,33.9028190195,23.83483941,14.050017283
40.125000,34.8962474453,24.46250092,14.3576726
40.166667,35.9187855459,25.1066911327,14.6720646913
40.208333,36.9712862999,25.7678453112,14.9933410729
40.250000,38.0546276801,26.4464101809,15.3216524912
40.291667,39.1697133857,27.1428442313,15.6571529934
40.333333,40.3174735966,27.8576180255,16
40.375000,41.4988657488,28.5912145183,16.3503543785
40.416667,42.7148753334,29.3441293825,16.7083805188
40.458333,43.9665167187,30.1168713442,17.0742464108
40.500000,45.2548339959,30.9099625256,17.4481237226
40.541667,46.5809018509,31.7239387988,17.8301878815
40.583333,47.9458264601,32.5593501473,18.2206181561
40.625000,49.3507464131,33.4167610377,18.6195977404
40.666667,50.796833663,34.2967508012,19.02731384
40.708333,52.2852945037,35.1999140249,19.4439577597
40.750000,53.8173705762,36.1268609538,19.8697249932
40.791667,55.3943399044,37.0782179028,20.3048153151
40.833333,57.017517961,38.0546276801,20.7494328744
40.875000,58.6882587651,39.0567500214,21.2037862906
40.916667,60.4079560116,40.085262036,21.668088751
40.958333,62.1780442338,41.1408586636,22.1425581114
41.000000,64,42.2242531447,22.627416998
41.041667,65.8753431452,43.336177502,23.1228929116
41.083333,67.805638039,44.477383035,23.629218335
41.125000,69.7924948906,45.6486408278,24.1466308415
41.166667,71.8375710918,46.8507422703,24.6753732065
41.208333,73.9425725998,48.0844995923,25.2156935217
41.250000,76.1092553602,49.3507464131,25.7678453112
41.291667,78.3394267715,50.6503383039,26.3320876505
41.333333,80.6349471933,51.9841533668,26.9086852881
41.375000,82.9977314977,53.3530928273,27.49790877
41.416667,85.4297506669,54.7580816437,28.100034566
41.458333,87.9330334373,56.2000691319,28.7153452
41.500000,90.5096679919,57.6800296071,29.3441293825
41.541667,93.1618037019,59.1989630416,29.9866821458
41.583333,95.8916529201,60.7578957408,30.6433049824
41.625000,98.7014928261,62.3578810369,31.3143059868
41.666667,100,64,32
41.708333,100,65.685362169,32.7007087569
41.750000,100,67.4151063011,33.4167610377
41.791667,100,69.1904011414,34.1484928217
41.833333,100,71.0124462123,34.8962474453
41.875000,100,72.8824726244,35.6603757631
41.916667,100,74.8017439079,36.4412363122
41.958333,100,76.7715568666,37.2391954809
42.000000,100,78.7932424541,38.0546276801
